{"episode_rewards": [-1355.1364995686545, -820.940753298466, -864.2428995561927, -1307.5272968494105, -1547.7484806471273, -1296.0433071179973, -1381.3860323737833, -854.3329863099253, -1729.2435043666676, -1075.9692638863996, -900.3779007953001, -1693.9223645272828, -1272.796286690533, -838.0509690912326, -1288.4948620377577, -854.9387260189452, -802.5289076702547, -1607.5841213854555, -755.9623399751327, -969.3324874498938, -933.988122928781, -1391.468749911028, -1472.793155314443, -1185.5463322685423, -1524.8142149169412, -798.4597417244773, -771.5434455042198, -1252.7540595142016, -984.0586618360073, -1651.466788770137, -1077.3791915239806, -1191.7654630921038, -914.4700496537935, -916.5501719215115, -857.3595787662973, -737.2416871655059, -885.7470876132409, -1580.2759336536253, -1273.0376704994242, -922.4526932374664, -965.5881264130542, -844.6342858206358, -1427.6771135654938, -1729.7188780988126, -1715.4882993300007, -1728.3527593641948, -1484.2199870376346, -1491.137782616818, -1012.6823790171735, -1183.2110182033625], "avg_rewards": [-1355.1364995686545, -1088.0386264335602, -1013.4400508077711, -1086.961862318181, -1179.1191859839703, -1198.606539506308, -1224.717895630233, -1178.4197819651945, -1239.6224177875804, -1223.2571023974624, -1193.9044477063567, -1235.572607441434, -1238.4359673836723, -1209.8370389342124, -1215.080893807782, -1192.5720083209796, -1169.6282965179958, -1193.959175677299, -1170.906710640343, -1160.8279994808204, -1150.02610059739, -1161.0007664752827, -1174.5569572943768, -1175.0148479183003, -1189.006822598246, -1173.9857810261778, -1159.0805093401793, -1162.425993274966, -1156.2753956391398, -1172.7817754101732, -1169.704272704167, -1170.3936849037898, -1162.6384232295475, -1155.4005334851934, -1146.885077636082, -1135.506094567455, -1128.7558511362602, -1140.6379585709276, -1144.0328229793506, -1138.4933197358037, -1134.2761198986632, -1127.3798857539482, -1134.363542214682, -1147.8943453029576, -1160.5075442813363, -1172.8520054787896, -1179.4768561502544, -1185.969792118308, -1182.4333142999176, -1182.4488683779864], "eval_rewards": [-1598.3344663276303], "critic_losses": [], "actor_losses": [], "timesteps": [0]}