{"rewards": [-36.139300436962046, -36.139300436962046, -37.44711778396312, -37.44711778396312, -34.64258965907166, -34.64258965907166, -36.140594713357245, -36.140594713357245, -36.002395985114866, -36.002395985114866, -35.604536962934546, -35.604536962934546, -35.42404215979133, -35.42404215979133, -37.65063387629759, -37.65063387629759, -38.44357367716337, -38.44357367716337, -35.88734463560748, -35.88734463560748], "eval_rewards": [-25.607474720261184, -36.40746858089771], "policy_losses": [0.000791783444583416, 0.0006718982884194701, 0.0010223560355370864, -0.00015523536421824247, -8.916818187572062e-05, 0.0013163957861252128, -0.0003465177927864715, -0.00021380475664045662, -0.0028290677902987225, -0.000874581647804007], "value_losses": [0.014780253058415838, 0.018779435628675855, 0.019309545317082667, 0.025609134894330053, 0.030409561458509416, 0.03361260661040433, 0.03500675145187415, 0.04424551433476154, 0.046132572507485745, 0.043627129937522116], "entropies": [0.9081129431724548, 0.9081129431724548, 0.9081129431724548, 0.9081129431724548, 0.9081129431724548, 0.9081129431724548, 0.9081129431724548, 0.9081129431724548, 0.9081129431724548, 0.9081129431724548]}