{"rewards": [-1284.0318551848766, -1284.0318551848766, -1284.0318551848766, -1284.0318551848766, -1284.0318551848766, -1284.0318551848766, -1284.0318551848766, -1284.0318551848766, -1284.0318551848766, -1284.0318551848766, -1150.3215408681056, -1150.3215408681056, -1150.3215408681056, -1150.3215408681056, -1150.3215408681056, -1150.3215408681056, -1150.3215408681056, -1150.3215408681056, -1150.3215408681056, -1150.3215408681056, -1320.6551232059987, -1320.6551232059987, -1320.6551232059987, -1320.6551232059987, -1320.6551232059987, -1320.6551232059987, -1320.6551232059987, -1320.6551232059987, -1320.6551232059987, -1320.6551232059987, -1179.7081675952763, -1179.7081675952763, -1179.7081675952763, -1179.7081675952763, -1179.7081675952763, -1179.7081675952763, -1179.7081675952763, -1179.7081675952763, -1179.7081675952763, -1179.7081675952763, -1087.3425407304587, -1087.3425407304587, -1087.3425407304587, -1087.3425407304587, -1087.3425407304587, -1087.3425407304587, -1087.3425407304587, -1087.3425407304587, -1087.3425407304587, -1087.3425407304587, -1116.6702518000666, -1116.6702518000666, -1116.6702518000666, -1116.6702518000666, -1116.6702518000666, -1116.6702518000666, -1116.6702518000666, -1116.6702518000666, -1116.6702518000666, -1116.6702518000666, -1127.309175966105, -1127.309175966105, -1127.309175966105, -1127.309175966105, -1127.309175966105, -1127.309175966105, -1127.309175966105, -1127.309175966105, -1127.309175966105, -1127.309175966105, -924.1106025794176, -924.1106025794176, -924.1106025794176, -924.1106025794176, -924.1106025794176, -924.1106025794176, -924.1106025794176, -924.1106025794176, -924.1106025794176, -924.1106025794176, -1201.5744250420362, -1201.5744250420362, -1201.5744250420362, -1201.5744250420362, -1201.5744250420362, -1201.5744250420362, -1201.5744250420362, -1201.5744250420362, -1201.5744250420362, -1201.5744250420362, -1207.2197887637708, -1207.2197887637708, -1207.2197887637708, -1207.2197887637708, -1207.2197887637708, -1207.2197887637708, -1207.2197887637708, -1207.2197887637708, -1207.2197887637708, -1207.2197887637708], "eval_rewards": [-1134.4977701205094, -1108.933612758601], "policy_losses": [-0.01979107490624301, -0.24097771989472677, -0.14597193533700192, -0.20163163676916157, -0.23980743762804196, -0.2581005015294068, -0.2769774812652031, -0.2827305587939918, -0.2151188882882707, -0.2292962519422872], "value_losses": [5392.386264038086, 4368.946695709228, 5487.6224014282225, 4536.48245010376, 3840.4438713073732, 3992.3841819763184, 4157.5375701904295, 2779.198378753662, 4550.761003112793, 4512.755068206787], "entropies": [0.9081129431724548, 0.9081129431724548, 0.9081129431724548, 0.9081129431724548, 0.9081129431724548, 0.9081129431724548, 0.9081129431724548, 0.9081129431724548, 0.9081129431724548, 0.9081129431724548]}